InvoiceNumber,Item,Date,Amount,Tax,Total,Currency
476159,Professional Services,2017-04-03,213019,42603.8,255623,USD
447864,Concierge Services,2017-01-15,124877,24975.4,149852,EUR
687544,Professional Services,2017-06-13,38195,7639,45834,RON
904954,Concierge Services,2017-06-09,68896,13779.2,82675.2,EUR
971380,Beverages and Catering,2017-03-13,140137,28027.4,168164,USD
559443,Concierge Services,2017-05-01,74294,14858.8,89152.8,CAD
948216,Beverages and Catering,299586,59917.2,359503,CAD,2017-11-06
813495,Waste management services,128003,25600.6,153604,CAD,2017-09-05
245672,Professional Services,88606,17721.2,106327,RON,2017-09-09
